store,year,title,slug,id,state,catalogue_on_sale_date,page_count,catalogue_base_url,first_page_url
coles,2024,"Coles Catalogue December 31, 2024 - January 7, 2025 NSW METRO",coles-catalogue-december-31-2024-january-7-2025-nsw-metro,22637,NSW,2025-01-07,47,https://caau.syd1.cdn.digitaloceanspaces.com/wp-content/uploads/catalogue/coles/coles-catalogue-december-31-2024-january-7-2025-nsw-metro,https://caau.syd1.cdn.digitaloceanspaces.com/wp-content/uploads/catalogue/coles/coles-catalogue-december-31-2024-january-7-2025-nsw-metro/1.jpg
coles,2024,"Coles Catalogue December 25 - 31, 2024 WA METRO",coles-catalogue-december-25-31-2024-wa-metro,22607,WA,2024-12-25,47,https://caau.syd1.cdn.digitaloceanspaces.com/wp-content/uploads/catalogue/coles/coles-catalogue-december-25-31-2024-wa-metro,https://caau.syd1.cdn.digitaloceanspaces.com/wp-content/uploads/catalogue/coles/coles-catalogue-december-25-31-2024-wa-metro/1.jpg
coles,2024,"Coles Catalogue December 25 - 31, 2024 VIC METRO",coles-catalogue-december-25-31-2024-vic-metro,22608,VIC,2024-12-25,47,https://caau.syd1.cdn.digitaloceanspaces.com/wp-content/uploads/catalogue/coles/coles-catalogue-december-25-31-2024-vic-metro,https://caau.syd1.cdn.digitaloceanspaces.com/wp-content/uploads/catalogue/coles/coles-catalogue-december-25-31-2024-vic-metro/1.jpg
coles,2024,"Coles Catalogue December 25 - 31, 2024 QLD METRO",coles-catalogue-december-25-31-2024-qld-metro,22606,QLD,2024-12-25,47,https://caau.syd1.cdn.digitaloceanspaces.com/wp-content/uploads/catalogue/coles/coles-catalogue-december-25-31-2024-qld-metro,https://caau.syd1.cdn.digitaloceanspaces.com/wp-content/uploads/catalogue/coles/coles-catalogue-december-25-31-2024-qld-metro/1.jpg
coles,2024,"Coles Catalogue December 24 - 31, 2024 NSW METRO",coles-catalogue-december-24-31-2024-nsw-metro,22600,NSW,2024-12-24,47,https://caau.syd1.cdn.digitaloceanspaces.com/wp-content/uploads/catalogue/coles/coles-catalogue-december-24-31-2024-nsw-metro,https://caau.syd1.cdn.digitaloceanspaces.com/wp-content/uploads/catalogue/coles/coles-catalogue-december-24-31-2024-nsw-metro/1.jpg
coles,2024,"Coles Catalogue December 20 - 26, 2024 Best Buys - Alfresco Fun",coles-catalogue-december-20-26-2024-best-buys-alfresco-fun,22570,Multi-State,2024-12-20,8,https://caau.syd1.cdn.digitaloceanspaces.com/wp-content/uploads/catalogue/coles/coles-catalogue-december-20-26-2024-best-buys-alfresco-fun,https://caau.syd1.cdn.digitaloceanspaces.com/wp-content/uploads/catalogue/coles/coles-catalogue-december-20-26-2024-best-buys-alfresco-fun/1.jpg
coles,2024,"Coles Catalogue December 18 - 24, 2024 WA METRO",coles-catalogue-december-18-24-2024-wa-metro,22583,WA,2024-12-18,47,https://caau.syd1.cdn.digitaloceanspaces.com/wp-content/uploads/catalogue/coles/coles-catalogue-december-18-24-2024-wa-metro,https://caau.syd1.cdn.digitaloceanspaces.com/wp-content/uploads/catalogue/coles/coles-catalogue-december-18-24-2024-wa-metro/1.jpg
coles,2024,"Coles Catalogue December 18 - 24, 2024 VIC METRO",coles-catalogue-december-18-24-2024-vic-metro,22584,VIC,2024-12-18,47,https://caau.syd1.cdn.digitaloceanspaces.com/wp-content/uploads/catalogue/coles/coles-catalogue-december-18-24-2024-vic-metro,https://caau.syd1.cdn.digitaloceanspaces.com/wp-content/uploads/catalogue/coles/coles-catalogue-december-18-24-2024-vic-metro/1.jpg
coles,2024,"Coles Catalogue December 18 - 24, 2024 QLD METRO",coles-catalogue-december-18-24-2024-qld-metro,22582,QLD,2024-12-18,47,https://caau.syd1.cdn.digitaloceanspaces.com/wp-content/uploads/catalogue/coles/coles-catalogue-december-18-24-2024-qld-metro,https://caau.syd1.cdn.digitaloceanspaces.com/wp-content/uploads/catalogue/coles/coles-catalogue-december-18-24-2024-qld-metro/1.jpg
coles,2024,"Coles Catalogue December 17 - 24, 2024 NSW METRO",coles-catalogue-december-17-24-2024-nsw-metro,22574,NSW,2024-12-17,47,https://caau.syd1.cdn.digitaloceanspaces.com/wp-content/uploads/catalogue/coles/coles-catalogue-december-17-24-2024-nsw-metro,https://caau.syd1.cdn.digitaloceanspaces.com/wp-content/uploads/catalogue/coles/coles-catalogue-december-17-24-2024-nsw-metro/1.jpg
coles,2024,"Coles Catalogue December 13 - 19, 2024 Best Buys - Retro Gifting",coles-catalogue-december-13-19-2024-best-buys-retro-gifting,22536,Multi-State,2024-12-13,7,https://caau.syd1.cdn.digitaloceanspaces.com/wp-content/uploads/catalogue/coles/coles-catalogue-december-13-19-2024-best-buys-retro-gifting,https://caau.syd1.cdn.digitaloceanspaces.com/wp-content/uploads/catalogue/coles/coles-catalogue-december-13-19-2024-best-buys-retro-gifting/1.jpg
coles,2024,"Coles Catalogue December 11 - 17, 2024 WA METRO",coles-catalogue-december-11-17-2024-wa-metro,22546,WA,2024-12-11,51,https://caau.syd1.cdn.digitaloceanspaces.com/wp-content/uploads/catalogue/coles/coles-catalogue-december-11-17-2024-wa-metro,https://caau.syd1.cdn.digitaloceanspaces.com/wp-content/uploads/catalogue/coles/coles-catalogue-december-11-17-2024-wa-metro/1.jpg
coles,2024,"Coles Catalogue December 11 - 17, 2024 VIC METRO",coles-catalogue-december-11-17-2024-vic-metro,22547,VIC,2024-12-11,51,https://caau.syd1.cdn.digitaloceanspaces.com/wp-content/uploads/catalogue/coles/coles-catalogue-december-11-17-2024-vic-metro,https://caau.syd1.cdn.digitaloceanspaces.com/wp-content/uploads/catalogue/coles/coles-catalogue-december-11-17-2024-vic-metro/1.jpg
coles,2024,"Coles Catalogue December 11 - 17, 2024 QLD METRO",coles-catalogue-december-11-17-2024-qld-metro,22545,QLD,2024-12-11,51,https://caau.syd1.cdn.digitaloceanspaces.com/wp-content/uploads/catalogue/coles/coles-catalogue-december-11-17-2024-qld-metro,https://caau.syd1.cdn.digitaloceanspaces.com/wp-content/uploads/catalogue/coles/coles-catalogue-december-11-17-2024-qld-metro/1.jpg
coles,2024,"Coles Catalogue December 10 - 17, 2024 NSW METRO",coles-catalogue-december-10-17-2024-nsw-metro,22538,NSW,2024-12-10,51,https://caau.syd1.cdn.digitaloceanspaces.com/wp-content/uploads/catalogue/coles/coles-catalogue-december-10-17-2024-nsw-metro,https://caau.syd1.cdn.digitaloceanspaces.com/wp-content/uploads/catalogue/coles/coles-catalogue-december-10-17-2024-nsw-metro/1.jpg
coles,2024,"Coles Catalogue December 6 - 12, 2024 Best Buys - Kris Kringle Finds",coles-catalogue-december-6-12-2024-best-buys-kris-kringle-finds,22488,Multi-State,2024-12-06,6,https://caau.syd1.cdn.digitaloceanspaces.com/wp-content/uploads/catalogue/coles/coles-catalogue-december-6-12-2024-best-buys-kris-kringle-finds,https://caau.syd1.cdn.digitaloceanspaces.com/wp-content/uploads/catalogue/coles/coles-catalogue-december-6-12-2024-best-buys-kris-kringle-finds/1.jpg
coles,2024,"Coles Catalogue November 29 - December 5, 2024 Best Buys - Christmas Entertainment",coles-catalogue-november-29-december-5-2024-best-buys-christmas-entertainment,22453,Multi-State,2024-12-05,5,https://caau.syd1.cdn.digitaloceanspaces.com/wp-content/uploads/catalogue/coles/coles-catalogue-november-29-december-5-2024-best-buys-christmas-entertainment,https://caau.syd1.cdn.digitaloceanspaces.com/wp-content/uploads/catalogue/coles/coles-catalogue-november-29-december-5-2024-best-buys-christmas-entertainment/1.jpg
coles,2024,"Coles Catalogue December 4 - 10, 2024 WA METRO",coles-catalogue-december-4-10-2024-wa-metro,22502,WA,2024-12-04,51,https://caau.syd1.cdn.digitaloceanspaces.com/wp-content/uploads/catalogue/coles/coles-catalogue-december-4-10-2024-wa-metro,https://caau.syd1.cdn.digitaloceanspaces.com/wp-content/uploads/catalogue/coles/coles-catalogue-december-4-10-2024-wa-metro/1.jpg
coles,2024,"Coles Catalogue December 4 - 10, 2024 VIC METRO",coles-catalogue-december-4-10-2024-vic-metro,22503,VIC,2024-12-04,51,https://caau.syd1.cdn.digitaloceanspaces.com/wp-content/uploads/catalogue/coles/coles-catalogue-december-4-10-2024-vic-metro,https://caau.syd1.cdn.digitaloceanspaces.com/wp-content/uploads/catalogue/coles/coles-catalogue-december-4-10-2024-vic-metro/1.jpg
coles,2024,"Coles Catalogue December 4 - 10, 2024 QLD METRO",coles-catalogue-december-4-10-2024-qld-metro,22501,QLD,2024-12-04,51,https://caau.syd1.cdn.digitaloceanspaces.com/wp-content/uploads/catalogue/coles/coles-catalogue-december-4-10-2024-qld-metro,https://caau.syd1.cdn.digitaloceanspaces.com/wp-content/uploads/catalogue/coles/coles-catalogue-december-4-10-2024-qld-metro/1.jpg
coles,2024,"Coles Catalogue November 27 - December 3, 2024 WA METRO",coles-catalogue-november-27-december-3-2024-wa-metro,22463,WA,2024-12-03,51,https://caau.syd1.cdn.digitaloceanspaces.com/wp-content/uploads/catalogue/coles/coles-catalogue-november-27-december-3-2024-wa-metro,https://caau.syd1.cdn.digitaloceanspaces.com/wp-content/uploads/catalogue/coles/coles-catalogue-november-27-december-3-2024-wa-metro/1.jpg
coles,2024,"Coles Catalogue November 27 - December 3, 2024 VIC METRO",coles-catalogue-november-27-december-3-2024-vic-metro,22464,VIC,2024-12-03,51,https://caau.syd1.cdn.digitaloceanspaces.com/wp-content/uploads/catalogue/coles/coles-catalogue-november-27-december-3-2024-vic-metro,https://caau.syd1.cdn.digitaloceanspaces.com/wp-content/uploads/catalogue/coles/coles-catalogue-november-27-december-3-2024-vic-metro/1.jpg
coles,2024,"Coles Catalogue November 27 - December 3, 2024 QLD METRO",coles-catalogue-november-27-december-3-2024-qld-metro,22462,QLD,2024-12-03,51,https://caau.syd1.cdn.digitaloceanspaces.com/wp-content/uploads/catalogue/coles/coles-catalogue-november-27-december-3-2024-qld-metro,https://caau.syd1.cdn.digitaloceanspaces.com/wp-content/uploads/catalogue/coles/coles-catalogue-november-27-december-3-2024-qld-metro/1.jpg
coles,2024,"Coles Catalogue November 26 - December 3, 2024 NSW METRO",coles-catalogue-november-26-december-3-2024-nsw-metro,22457,NSW,2024-12-03,51,https://caau.syd1.cdn.digitaloceanspaces.com/wp-content/uploads/catalogue/coles/coles-catalogue-november-26-december-3-2024-nsw-metro,https://caau.syd1.cdn.digitaloceanspaces.com/wp-content/uploads/catalogue/coles/coles-catalogue-november-26-december-3-2024-nsw-metro/1.jpg
coles,2024,"Coles Catalogue December 3 - 10, 2024 NSW METRO",coles-catalogue-december-3-10-2024-nsw-metro,22491,NSW,2024-12-03,51,https://caau.syd1.cdn.digitaloceanspaces.com/wp-content/uploads/catalogue/coles/coles-catalogue-december-3-10-2024-nsw-metro,https://caau.syd1.cdn.digitaloceanspaces.com/wp-content/uploads/catalogue/coles/coles-catalogue-december-3-10-2024-nsw-metro/1.jpg
coles,2024,"Coles Catalogue November 22 - 28, 2024 Best Buys - Wellness Wonders",coles-catalogue-november-22-28-2024-best-buys-wellness-wonders,22414,Multi-State,2024-11-22,6,https://caau.syd1.cdn.digitaloceanspaces.com/wp-content/uploads/catalogue/coles/coles-catalogue-november-22-28-2024-best-buys-wellness-wonders,https://caau.syd1.cdn.digitaloceanspaces.com/wp-content/uploads/catalogue/coles/coles-catalogue-november-22-28-2024-best-buys-wellness-wonders/1.jpg
coles,2024,"Coles Catalogue November 20 - 26, 2024 WA METRO",coles-catalogue-november-20-26-2024-wa-metro,22430,WA,2024-11-20,51,https://caau.syd1.cdn.digitaloceanspaces.com/wp-content/uploads/catalogue/coles/coles-catalogue-november-20-26-2024-wa-metro,https://caau.syd1.cdn.digitaloceanspaces.com/wp-content/uploads/catalogue/coles/coles-catalogue-november-20-26-2024-wa-metro/1.jpg
coles,2024,"Coles Catalogue November 20 - 26, 2024 VIC METRO",coles-catalogue-november-20-26-2024-vic-metro,22431,VIC,2024-11-20,51,https://caau.syd1.cdn.digitaloceanspaces.com/wp-content/uploads/catalogue/coles/coles-catalogue-november-20-26-2024-vic-metro,https://caau.syd1.cdn.digitaloceanspaces.com/wp-content/uploads/catalogue/coles/coles-catalogue-november-20-26-2024-vic-metro/1.jpg
coles,2024,"Coles Catalogue November 20 - 26, 2024 QLD METRO",coles-catalogue-november-20-26-2024-qld-metro,22429,QLD,2024-11-20,51,https://caau.syd1.cdn.digitaloceanspaces.com/wp-content/uploads/catalogue/coles/coles-catalogue-november-20-26-2024-qld-metro,https://caau.syd1.cdn.digitaloceanspaces.com/wp-content/uploads/catalogue/coles/coles-catalogue-november-20-26-2024-qld-metro/1.jpg
coles,2024,"Coles Catalogue November 19 - 26, 2024 NSW METRO",coles-catalogue-november-19-26-2024-nsw-metro,22419,NSW,2024-11-19,51,https://caau.syd1.cdn.digitaloceanspaces.com/wp-content/uploads/catalogue/coles/coles-catalogue-november-19-26-2024-nsw-metro,https://caau.syd1.cdn.digitaloceanspaces.com/wp-content/uploads/catalogue/coles/coles-catalogue-november-19-26-2024-nsw-metro/1.jpg
coles,2024,"Coles Catalogue November 15 - 21, 2024 Best Buys - Black Friday",coles-catalogue-november-15-21-2024-best-buys-black-friday,22377,Multi-State,2024-11-15,5,https://caau.syd1.cdn.digitaloceanspaces.com/wp-content/uploads/catalogue/coles/coles-catalogue-november-15-21-2024-best-buys-black-friday,https://caau.syd1.cdn.digitaloceanspaces.com/wp-content/uploads/catalogue/coles/coles-catalogue-november-15-21-2024-best-buys-black-friday/1.jpg
coles,2024,"Coles Catalogue November 13 - 19, 2024 WA METRO",coles-catalogue-november-13-19-2024-wa-metro,22388,WA,2024-11-13,47,https://caau.syd1.cdn.digitaloceanspaces.com/wp-content/uploads/catalogue/coles/coles-catalogue-november-13-19-2024-wa-metro,https://caau.syd1.cdn.digitaloceanspaces.com/wp-content/uploads/catalogue/coles/coles-catalogue-november-13-19-2024-wa-metro/1.jpg
coles,2024,"Coles Catalogue November 13 - 19, 2024 VIC METRO",coles-catalogue-november-13-19-2024-vic-metro,22389,VIC,2024-11-13,47,https://caau.syd1.cdn.digitaloceanspaces.com/wp-content/uploads/catalogue/coles/coles-catalogue-november-13-19-2024-vic-metro,https://caau.syd1.cdn.digitaloceanspaces.com/wp-content/uploads/catalogue/coles/coles-catalogue-november-13-19-2024-vic-metro/1.jpg
coles,2024,"Coles Catalogue November 13 - 19, 2024 QLD METRO",coles-catalogue-november-13-19-2024-qld-metro,22387,QLD,2024-11-13,47,https://caau.syd1.cdn.digitaloceanspaces.com/wp-content/uploads/catalogue/coles/coles-catalogue-november-13-19-2024-qld-metro,https://caau.syd1.cdn.digitaloceanspaces.com/wp-content/uploads/catalogue/coles/coles-catalogue-november-13-19-2024-qld-metro/1.jpg
coles,2024,"Coles Catalogue November 12 - 19, 2024 NSW METRO",coles-catalogue-november-12-19-2024-nsw-metro,22380,NSW,2024-11-12,47,https://caau.syd1.cdn.digitaloceanspaces.com/wp-content/uploads/catalogue/coles/coles-catalogue-november-12-19-2024-nsw-metro,https://caau.syd1.cdn.digitaloceanspaces.com/wp-content/uploads/catalogue/coles/coles-catalogue-november-12-19-2024-nsw-metro/1.jpg
coles,2024,"Coles Catalogue November 8 - 14, 2024 Best Buys - Home Starter",coles-catalogue-november-8-14-2024-best-buys-home-starter,22336,Multi-State,2024-11-08,7,https://caau.syd1.cdn.digitaloceanspaces.com/wp-content/uploads/catalogue/coles/coles-catalogue-november-8-14-2024-best-buys-home-starter,https://caau.syd1.cdn.digitaloceanspaces.com/wp-content/uploads/catalogue/coles/coles-catalogue-november-8-14-2024-best-buys-home-starter/1.jpg
coles,2024,"Coles Catalogue November 6 - 12, 2024 WA METRO",coles-catalogue-november-6-12-2024-wa-metro,22349,WA,2024-11-06,49,https://caau.syd1.cdn.digitaloceanspaces.com/wp-content/uploads/catalogue/coles/coles-catalogue-november-6-12-2024-wa-metro,https://caau.syd1.cdn.digitaloceanspaces.com/wp-content/uploads/catalogue/coles/coles-catalogue-november-6-12-2024-wa-metro/1.jpg
coles,2024,"Coles Catalogue November 6 - 12, 2024 VIC METRO",coles-catalogue-november-6-12-2024-vic-metro,22350,VIC,2024-11-06,49,https://caau.syd1.cdn.digitaloceanspaces.com/wp-content/uploads/catalogue/coles/coles-catalogue-november-6-12-2024-vic-metro,https://caau.syd1.cdn.digitaloceanspaces.com/wp-content/uploads/catalogue/coles/coles-catalogue-november-6-12-2024-vic-metro/1.jpg
coles,2024,"Coles Catalogue November 6 - 12, 2024 QLD METRO",coles-catalogue-november-6-12-2024-qld-metro,22348,QLD,2024-11-06,49,https://caau.syd1.cdn.digitaloceanspaces.com/wp-content/uploads/catalogue/coles/coles-catalogue-november-6-12-2024-qld-metro,https://caau.syd1.cdn.digitaloceanspaces.com/wp-content/uploads/catalogue/coles/coles-catalogue-november-6-12-2024-qld-metro/1.jpg
coles,2024,"Coles Catalogue October 30 - November 5, 2024 WA METRO",coles-catalogue-october-30-november-5-2024-wa-metro,22311,WA,2024-11-05,45,https://caau.syd1.cdn.digitaloceanspaces.com/wp-content/uploads/catalogue/coles/coles-catalogue-october-30-november-5-2024-wa-metro,https://caau.syd1.cdn.digitaloceanspaces.com/wp-content/uploads/catalogue/coles/coles-catalogue-october-30-november-5-2024-wa-metro/1.jpg
coles,2024,"Coles Catalogue October 30 - November 5, 2024 VIC METRO",coles-catalogue-october-30-november-5-2024-vic-metro,22312,VIC,2024-11-05,45,https://caau.syd1.cdn.digitaloceanspaces.com/wp-content/uploads/catalogue/coles/coles-catalogue-october-30-november-5-2024-vic-metro,https://caau.syd1.cdn.digitaloceanspaces.com/wp-content/uploads/catalogue/coles/coles-catalogue-october-30-november-5-2024-vic-metro/1.jpg
coles,2024,"Coles Catalogue October 30 - November 5, 2024 QLD METRO",coles-catalogue-october-30-november-5-2024-qld-metro,22310,QLD,2024-11-05,45,https://caau.syd1.cdn.digitaloceanspaces.com/wp-content/uploads/catalogue/coles/coles-catalogue-october-30-november-5-2024-qld-metro,https://caau.syd1.cdn.digitaloceanspaces.com/wp-content/uploads/catalogue/coles/coles-catalogue-october-30-november-5-2024-qld-metro/1.jpg
coles,2024,"Coles Catalogue October 29 - November 5, 2024 NSW METRO",coles-catalogue-october-29-november-5-2024-nsw-metro,22304,NSW,2024-11-05,45,https://caau.syd1.cdn.digitaloceanspaces.com/wp-content/uploads/catalogue/coles/coles-catalogue-october-29-november-5-2024-nsw-metro,https://caau.syd1.cdn.digitaloceanspaces.com/wp-content/uploads/catalogue/coles/coles-catalogue-october-29-november-5-2024-nsw-metro/1.jpg
coles,2024,"Coles Catalogue November 5 - 12, 2024 NSW METRO",coles-catalogue-november-5-12-2024-nsw-metro,22342,NSW,2024-11-05,49,https://caau.syd1.cdn.digitaloceanspaces.com/wp-content/uploads/catalogue/coles/coles-catalogue-november-5-12-2024-nsw-metro,https://caau.syd1.cdn.digitaloceanspaces.com/wp-content/uploads/catalogue/coles/coles-catalogue-november-5-12-2024-nsw-metro/1.jpg
coles,2024,"Coles Catalogue November 1 - 7, 2024 Best Buys - Camping Comforts",coles-catalogue-november-1-7-2024-best-buys-camping-comforts,22299,Multi-State,2024-11-01,6,https://caau.syd1.cdn.digitaloceanspaces.com/wp-content/uploads/catalogue/coles/coles-catalogue-november-1-7-2024-best-buys-camping-comforts,https://caau.syd1.cdn.digitaloceanspaces.com/wp-content/uploads/catalogue/coles/coles-catalogue-november-1-7-2024-best-buys-camping-comforts/1.jpg
coles,2024,"Coles Catalogue October 25 - 31, 2024 Best Buys - Kitchen Heroes",coles-catalogue-october-25-31-2024-best-buys-kitchen-heroes,22258,Multi-State,2024-10-25,8,https://caau.syd1.cdn.digitaloceanspaces.com/wp-content/uploads/catalogue/coles/coles-catalogue-october-25-31-2024-best-buys-kitchen-heroes,https://caau.syd1.cdn.digitaloceanspaces.com/wp-content/uploads/catalogue/coles/coles-catalogue-october-25-31-2024-best-buys-kitchen-heroes/1.jpg
coles,2024,"Coles Catalogue October 23 - 29, 2024 WA METRO",coles-catalogue-october-23-29-2024-wa-metro,22269,WA,2024-10-23,47,https://caau.syd1.cdn.digitaloceanspaces.com/wp-content/uploads/catalogue/coles/coles-catalogue-october-23-29-2024-wa-metro,https://caau.syd1.cdn.digitaloceanspaces.com/wp-content/uploads/catalogue/coles/coles-catalogue-october-23-29-2024-wa-metro/1.jpg
coles,2024,"Coles Catalogue October 23 - 29, 2024 VIC METRO",coles-catalogue-october-23-29-2024-vic-metro,22270,VIC,2024-10-23,47,https://caau.syd1.cdn.digitaloceanspaces.com/wp-content/uploads/catalogue/coles/coles-catalogue-october-23-29-2024-vic-metro,https://caau.syd1.cdn.digitaloceanspaces.com/wp-content/uploads/catalogue/coles/coles-catalogue-october-23-29-2024-vic-metro/1.jpg
coles,2024,"Coles Catalogue October 23 - 29, 2024 QLD METRO",coles-catalogue-october-23-29-2024-qld-metro,22268,QLD,2024-10-23,47,https://caau.syd1.cdn.digitaloceanspaces.com/wp-content/uploads/catalogue/coles/coles-catalogue-october-23-29-2024-qld-metro,https://caau.syd1.cdn.digitaloceanspaces.com/wp-content/uploads/catalogue/coles/coles-catalogue-october-23-29-2024-qld-metro/1.jpg
coles,2024,"Coles Catalogue October 22 - 29, 2024 NSW METRO",coles-catalogue-october-22-29-2024-nsw-metro,22261,NSW,2024-10-22,47,https://caau.syd1.cdn.digitaloceanspaces.com/wp-content/uploads/catalogue/coles/coles-catalogue-october-22-29-2024-nsw-metro,https://caau.syd1.cdn.digitaloceanspaces.com/wp-content/uploads/catalogue/coles/coles-catalogue-october-22-29-2024-nsw-metro/1.jpg
coles,2024,"Coles Catalogue October 18 - 24, 2024 Best Buys - Arts & Crafts",coles-catalogue-october-18-24-2024-best-buys-arts-crafts,22219,Multi-State,2024-10-18,7,https://caau.syd1.cdn.digitaloceanspaces.com/wp-content/uploads/catalogue/coles/coles-catalogue-october-18-24-2024-best-buys-arts-crafts,https://caau.syd1.cdn.digitaloceanspaces.com/wp-content/uploads/catalogue/coles/coles-catalogue-october-18-24-2024-best-buys-arts-crafts/1.jpg
coles,2024,"Coles Catalogue October 16 - 22, 2024 WA METRO",coles-catalogue-october-16-22-2024-wa-metro,22228,WA,2024-10-16,53,https://caau.syd1.cdn.digitaloceanspaces.com/wp-content/uploads/catalogue/coles/coles-catalogue-october-16-22-2024-wa-metro,https://caau.syd1.cdn.digitaloceanspaces.com/wp-content/uploads/catalogue/coles/coles-catalogue-october-16-22-2024-wa-metro/1.jpg
coles,2024,"Coles Catalogue October 16 - 22, 2024 VIC METRO",coles-catalogue-october-16-22-2024-vic-metro,22229,VIC,2024-10-16,51,https://caau.syd1.cdn.digitaloceanspaces.com/wp-content/uploads/catalogue/coles/coles-catalogue-october-16-22-2024-vic-metro,https://caau.syd1.cdn.digitaloceanspaces.com/wp-content/uploads/catalogue/coles/coles-catalogue-october-16-22-2024-vic-metro/1.jpg
coles,2024,"Coles Catalogue October 16 - 22, 2024 QLD METRO",coles-catalogue-october-16-22-2024-qld-metro,22227,QLD,2024-10-16,51,https://caau.syd1.cdn.digitaloceanspaces.com/wp-content/uploads/catalogue/coles/coles-catalogue-october-16-22-2024-qld-metro,https://caau.syd1.cdn.digitaloceanspaces.com/wp-content/uploads/catalogue/coles/coles-catalogue-october-16-22-2024-qld-metro/1.jpg
coles,2024,"Coles Catalogue October 15 - 22, 2024 NSW METRO",coles-catalogue-october-15-22-2024-nsw-metro,22221,NSW,2024-10-15,51,https://caau.syd1.cdn.digitaloceanspaces.com/wp-content/uploads/catalogue/coles/coles-catalogue-october-15-22-2024-nsw-metro,https://caau.syd1.cdn.digitaloceanspaces.com/wp-content/uploads/catalogue/coles/coles-catalogue-october-15-22-2024-nsw-metro/1.jpg
coles,2024,"Coles Catalogue October 11 - 17, 2024 Best Buys - Love Your Pet",coles-catalogue-october-11-17-2024-best-buys-love-your-pet,22179,Multi-State,2024-10-11,7,https://caau.syd1.cdn.digitaloceanspaces.com/wp-content/uploads/catalogue/coles/coles-catalogue-october-11-17-2024-best-buys-love-your-pet,https://caau.syd1.cdn.digitaloceanspaces.com/wp-content/uploads/catalogue/coles/coles-catalogue-october-11-17-2024-best-buys-love-your-pet/1.jpg
coles,2024,"Coles Catalogue October 9 - 15, 2024 WA METRO",coles-catalogue-october-9-15-2024-wa-metro,22190,WA,2024-10-09,49,https://caau.syd1.cdn.digitaloceanspaces.com/wp-content/uploads/catalogue/coles/coles-catalogue-october-9-15-2024-wa-metro,https://caau.syd1.cdn.digitaloceanspaces.com/wp-content/uploads/catalogue/coles/coles-catalogue-october-9-15-2024-wa-metro/1.jpg
coles,2024,"Coles Catalogue October 9 - 15, 2024 VIC METRO",coles-catalogue-october-9-15-2024-vic-metro,22191,VIC,2024-10-09,47,https://caau.syd1.cdn.digitaloceanspaces.com/wp-content/uploads/catalogue/coles/coles-catalogue-october-9-15-2024-vic-metro,https://caau.syd1.cdn.digitaloceanspaces.com/wp-content/uploads/catalogue/coles/coles-catalogue-october-9-15-2024-vic-metro/1.jpg
coles,2024,"Coles Catalogue October 9 - 15, 2024 QLD METRO",coles-catalogue-october-9-15-2024-qld-metro,22189,QLD,2024-10-09,47,https://caau.syd1.cdn.digitaloceanspaces.com/wp-content/uploads/catalogue/coles/coles-catalogue-october-9-15-2024-qld-metro,https://caau.syd1.cdn.digitaloceanspaces.com/wp-content/uploads/catalogue/coles/coles-catalogue-october-9-15-2024-qld-metro/1.jpg
coles,2024,"Coles Catalogue October 8 - 15, 2024 NSW METRO",coles-catalogue-october-8-15-2024-nsw-metro,22181,NSW,2024-10-08,47,https://caau.syd1.cdn.digitaloceanspaces.com/wp-content/uploads/catalogue/coles/coles-catalogue-october-8-15-2024-nsw-metro,https://caau.syd1.cdn.digitaloceanspaces.com/wp-content/uploads/catalogue/coles/coles-catalogue-october-8-15-2024-nsw-metro/1.jpg
coles,2024,"Coles Catalogue October 4 - 10, 2024 Best Buys - Style Your Space",coles-catalogue-october-4-10-2024-best-buys-style-your-space,22135,Multi-State,2024-10-04,6,https://caau.syd1.cdn.digitaloceanspaces.com/wp-content/uploads/catalogue/coles/coles-catalogue-october-4-10-2024-best-buys-style-your-space,https://caau.syd1.cdn.digitaloceanspaces.com/wp-content/uploads/catalogue/coles/coles-catalogue-october-4-10-2024-best-buys-style-your-space/1.jpg
coles,2024,"Coles Catalogue September 27 - October 3, 2024 Best Buys - BBQ",coles-catalogue-september-27-october-3-2024-best-buys-bbq,22089,Multi-State,2024-10-03,5,https://caau.syd1.cdn.digitaloceanspaces.com/wp-content/uploads/catalogue/coles/coles-catalogue-september-27-october-3-2024-best-buys-bbq,https://caau.syd1.cdn.digitaloceanspaces.com/wp-content/uploads/catalogue/coles/coles-catalogue-september-27-october-3-2024-best-buys-bbq/1.jpg
coles,2024,"Coles Catalogue October 2 - 8, 2024 WA METRO",coles-catalogue-october-2-8-2024-wa-metro,22147,WA,2024-10-02,51,https://caau.syd1.cdn.digitaloceanspaces.com/wp-content/uploads/catalogue/coles/coles-catalogue-october-2-8-2024-wa-metro,https://caau.syd1.cdn.digitaloceanspaces.com/wp-content/uploads/catalogue/coles/coles-catalogue-october-2-8-2024-wa-metro/1.jpg
coles,2024,"Coles Catalogue October 2 - 8, 2024 VIC METRO",coles-catalogue-october-2-8-2024-vic-metro,22148,VIC,2024-10-02,51,https://caau.syd1.cdn.digitaloceanspaces.com/wp-content/uploads/catalogue/coles/coles-catalogue-october-2-8-2024-vic-metro,https://caau.syd1.cdn.digitaloceanspaces.com/wp-content/uploads/catalogue/coles/coles-catalogue-october-2-8-2024-vic-metro/1.jpg
coles,2024,"Coles Catalogue October 2 - 8, 2024 QLD METRO",coles-catalogue-october-2-8-2024-qld-metro,22146,QLD,2024-10-02,51,https://caau.syd1.cdn.digitaloceanspaces.com/wp-content/uploads/catalogue/coles/coles-catalogue-october-2-8-2024-qld-metro,https://caau.syd1.cdn.digitaloceanspaces.com/wp-content/uploads/catalogue/coles/coles-catalogue-october-2-8-2024-qld-metro/1.jpg
coles,2024,"Coles Catalogue September 25 - October 1, 2024 WA METRO",coles-catalogue-september-25-october-1-2024-wa-metro,22103,WA,2024-10-01,53,https://caau.syd1.cdn.digitaloceanspaces.com/wp-content/uploads/catalogue/coles/coles-catalogue-september-25-october-1-2024-wa-metro,https://caau.syd1.cdn.digitaloceanspaces.com/wp-content/uploads/catalogue/coles/coles-catalogue-september-25-october-1-2024-wa-metro/1.jpg
coles,2024,"Coles Catalogue September 25 - October 1, 2024 VIC METRO",coles-catalogue-september-25-october-1-2024-vic-metro,22106,VIC,2024-10-01,53,https://caau.syd1.cdn.digitaloceanspaces.com/wp-content/uploads/catalogue/coles/coles-catalogue-september-25-october-1-2024-vic-metro,https://caau.syd1.cdn.digitaloceanspaces.com/wp-content/uploads/catalogue/coles/coles-catalogue-september-25-october-1-2024-vic-metro/1.jpg
coles,2024,"Coles Catalogue September 25 - October 1, 2024 QLD METRO",coles-catalogue-september-25-october-1-2024-qld-metro,22102,QLD,2024-10-01,53,https://caau.syd1.cdn.digitaloceanspaces.com/wp-content/uploads/catalogue/coles/coles-catalogue-september-25-october-1-2024-qld-metro,https://caau.syd1.cdn.digitaloceanspaces.com/wp-content/uploads/catalogue/coles/coles-catalogue-september-25-october-1-2024-qld-metro/1.jpg
coles,2024,"Coles Catalogue September 24 - October 1, 2024 NSW METRO",coles-catalogue-september-24-october-1-2024-nsw-metro,22093,NSW,2024-10-01,53,https://caau.syd1.cdn.digitaloceanspaces.com/wp-content/uploads/catalogue/coles/coles-catalogue-september-24-october-1-2024-nsw-metro,https://caau.syd1.cdn.digitaloceanspaces.com/wp-content/uploads/catalogue/coles/coles-catalogue-september-24-october-1-2024-nsw-metro/1.jpg
coles,2024,"Coles Catalogue October 1 - 8, 2024 NSW METRO",coles-catalogue-october-1-8-2024-nsw-metro,22137,NSW,2024-10-01,51,https://caau.syd1.cdn.digitaloceanspaces.com/wp-content/uploads/catalogue/coles/coles-catalogue-october-1-8-2024-nsw-metro,https://caau.syd1.cdn.digitaloceanspaces.com/wp-content/uploads/catalogue/coles/coles-catalogue-october-1-8-2024-nsw-metro/1.jpg
coles,2024,"Coles Catalogue September 20 - 26, 2024 Best Buys - Home Entertainment",coles-catalogue-september-20-26-2024-best-buys-home-entertainment,22056,Multi-State,2024-09-20,7,https://caau.syd1.cdn.digitaloceanspaces.com/wp-content/uploads/catalogue/coles/coles-catalogue-september-20-26-2024-best-buys-home-entertainment,https://caau.syd1.cdn.digitaloceanspaces.com/wp-content/uploads/catalogue/coles/coles-catalogue-september-20-26-2024-best-buys-home-entertainment/1.jpg
coles,2024,"Coles Catalogue September 18 - 24, 2024 WA METRO",coles-catalogue-september-18-24-2024-wa-metro,22067,WA,2024-09-18,49,https://caau.syd1.cdn.digitaloceanspaces.com/wp-content/uploads/catalogue/coles/coles-catalogue-september-18-24-2024-wa-metro,https://caau.syd1.cdn.digitaloceanspaces.com/wp-content/uploads/catalogue/coles/coles-catalogue-september-18-24-2024-wa-metro/1.jpg
coles,2024,"Coles Catalogue September 18 - 24, 2024 VIC METRO",coles-catalogue-september-18-24-2024-vic-metro,22070,VIC,2024-09-18,49,https://caau.syd1.cdn.digitaloceanspaces.com/wp-content/uploads/catalogue/coles/coles-catalogue-september-18-24-2024-vic-metro,https://caau.syd1.cdn.digitaloceanspaces.com/wp-content/uploads/catalogue/coles/coles-catalogue-september-18-24-2024-vic-metro/1.jpg
coles,2024,"Coles Catalogue September 18 - 24, 2024 QLD METRO",coles-catalogue-september-18-24-2024-qld-metro,22066,QLD,2024-09-18,49,https://caau.syd1.cdn.digitaloceanspaces.com/wp-content/uploads/catalogue/coles/coles-catalogue-september-18-24-2024-qld-metro,https://caau.syd1.cdn.digitaloceanspaces.com/wp-content/uploads/catalogue/coles/coles-catalogue-september-18-24-2024-qld-metro/1.jpg
coles,2024,"Coles Catalogue September 17 - 24, 2024 NSW METRO",coles-catalogue-september-17-24-2024-nsw-metro,22059,NSW,2024-09-17,49,https://caau.syd1.cdn.digitaloceanspaces.com/wp-content/uploads/catalogue/coles/coles-catalogue-september-17-24-2024-nsw-metro,https://caau.syd1.cdn.digitaloceanspaces.com/wp-content/uploads/catalogue/coles/coles-catalogue-september-17-24-2024-nsw-metro/1.jpg
coles,2024,"Coles Catalogue September 13 - 19, 2024 Best Buys - Spring Gardening",coles-catalogue-september-13-19-2024-best-buys-spring-gardening,22021,Multi-State,2024-09-13,6,https://caau.syd1.cdn.digitaloceanspaces.com/wp-content/uploads/catalogue/coles/coles-catalogue-september-13-19-2024-best-buys-spring-gardening,https://caau.syd1.cdn.digitaloceanspaces.com/wp-content/uploads/catalogue/coles/coles-catalogue-september-13-19-2024-best-buys-spring-gardening/1.jpg
coles,2024,"Coles Catalogue September 11 - 17, 2024 WA METRO",coles-catalogue-september-11-17-2024-wa-metro,22046,WA,2024-09-11,51,https://caau.syd1.cdn.digitaloceanspaces.com/wp-content/uploads/catalogue/coles/coles-catalogue-september-11-17-2024-wa-metro,https://caau.syd1.cdn.digitaloceanspaces.com/wp-content/uploads/catalogue/coles/coles-catalogue-september-11-17-2024-wa-metro/1.jpg
coles,2024,"Coles Catalogue September 11 - 17, 2024 VIC METRO",coles-catalogue-september-11-17-2024-vic-metro,22047,VIC,2024-09-11,51,https://caau.syd1.cdn.digitaloceanspaces.com/wp-content/uploads/catalogue/coles/coles-catalogue-september-11-17-2024-vic-metro,https://caau.syd1.cdn.digitaloceanspaces.com/wp-content/uploads/catalogue/coles/coles-catalogue-september-11-17-2024-vic-metro/1.jpg
coles,2024,"Coles Catalogue September 11 - 17, 2024 QLD METRO",coles-catalogue-september-11-17-2024-qld-metro,22045,QLD,2024-09-11,51,https://caau.syd1.cdn.digitaloceanspaces.com/wp-content/uploads/catalogue/coles/coles-catalogue-september-11-17-2024-qld-metro,https://caau.syd1.cdn.digitaloceanspaces.com/wp-content/uploads/catalogue/coles/coles-catalogue-september-11-17-2024-qld-metro/1.jpg
coles,2024,"Coles Catalogue September 10 - 17, 2024 NSW METRO",coles-catalogue-september-10-17-2024-nsw-metro,22023,NSW,2024-09-10,51,https://caau.syd1.cdn.digitaloceanspaces.com/wp-content/uploads/catalogue/coles/coles-catalogue-september-10-17-2024-nsw-metro,https://caau.syd1.cdn.digitaloceanspaces.com/wp-content/uploads/catalogue/coles/coles-catalogue-september-10-17-2024-nsw-metro/1.jpg
coles,2024,"Coles Catalogue September 6 - 12, 2024 Best Buys - Spring Cleaning Essentials",coles-catalogue-september-6-12-2024-best-buys-spring-cleaning-essentials,21995,Multi-State,2024-09-06,6,https://caau.syd1.cdn.digitaloceanspaces.com/wp-content/uploads/catalogue/coles/coles-catalogue-september-6-12-2024-best-buys-spring-cleaning-essentials,https://caau.syd1.cdn.digitaloceanspaces.com/wp-content/uploads/catalogue/coles/coles-catalogue-september-6-12-2024-best-buys-spring-cleaning-essentials/1.jpg
coles,2024,"Coles Catalogue August 30 - September 5, 2024 Best Buys - Home Organised",coles-catalogue-august-30-september-5-2024-best-buys-home-organised,21972,Multi-State,2024-09-05,7,https://caau.syd1.cdn.digitaloceanspaces.com/wp-content/uploads/catalogue/coles/coles-catalogue-august-30-september-5-2024-best-buys-home-organised,https://caau.syd1.cdn.digitaloceanspaces.com/wp-content/uploads/catalogue/coles/coles-catalogue-august-30-september-5-2024-best-buys-home-organised/1.jpg
coles,2024,"Coles Catalogue September 3 - 10, 2024 NSW METRO",coles-catalogue-september-3-10-2024-nsw-metro,22000,NSW,2024-09-03,49,https://caau.syd1.cdn.digitaloceanspaces.com/wp-content/uploads/catalogue/coles/coles-catalogue-september-3-10-2024-nsw-metro,https://caau.syd1.cdn.digitaloceanspaces.com/wp-content/uploads/catalogue/coles/coles-catalogue-september-3-10-2024-nsw-metro/1.jpg
coles,2024,"Coles Catalogue August 27 - September 3, 2024 NSW METRO",coles-catalogue-august-27-september-3-2024-nsw-metro,21975,NSW,2024-09-03,55,https://caau.syd1.cdn.digitaloceanspaces.com/wp-content/uploads/catalogue/coles/coles-catalogue-august-27-september-3-2024-nsw-metro,https://caau.syd1.cdn.digitaloceanspaces.com/wp-content/uploads/catalogue/coles/coles-catalogue-august-27-september-3-2024-nsw-metro/1.jpg
coles,2024,"Coles Catalogue August 23 - 29, 2024 Best Buys - Father's Day",coles-catalogue-august-23-29-2024-best-buys-fathers-day,21953,Multi-State,2024-08-23,6,https://caau.syd1.cdn.digitaloceanspaces.com/wp-content/uploads/catalogue/coles/coles-catalogue-august-23-29-2024-best-buys-fathers-day,https://caau.syd1.cdn.digitaloceanspaces.com/wp-content/uploads/catalogue/coles/coles-catalogue-august-23-29-2024-best-buys-fathers-day/1.jpg
coles,2024,"Coles Catalogue August 20 - 27, 2024 NSW METRO",coles-catalogue-august-20-27-2024-nsw-metro,21955,NSW,2024-08-20,47,https://caau.syd1.cdn.digitaloceanspaces.com/wp-content/uploads/catalogue/coles/coles-catalogue-august-20-27-2024-nsw-metro,https://caau.syd1.cdn.digitaloceanspaces.com/wp-content/uploads/catalogue/coles/coles-catalogue-august-20-27-2024-nsw-metro/1.jpg
coles,2024,"Coles Catalogue August 16 - 22, 2024 Best Buys - Home & Garden",coles-catalogue-august-16-22-2024-best-buys-home-garden,21925,Multi-State,2024-08-16,6,https://caau.syd1.cdn.digitaloceanspaces.com/wp-content/uploads/catalogue/coles/coles-catalogue-august-16-22-2024-best-buys-home-garden,https://caau.syd1.cdn.digitaloceanspaces.com/wp-content/uploads/catalogue/coles/coles-catalogue-august-16-22-2024-best-buys-home-garden/1.jpg
coles,2024,"Coles Catalogue August 13 - 20, 2024 NSW METRO",coles-catalogue-august-13-20-2024-nsw-metro,21928,NSW,2024-08-13,49,https://caau.syd1.cdn.digitaloceanspaces.com/wp-content/uploads/catalogue/coles/coles-catalogue-august-13-20-2024-nsw-metro,https://caau.syd1.cdn.digitaloceanspaces.com/wp-content/uploads/catalogue/coles/coles-catalogue-august-13-20-2024-nsw-metro/1.jpg
coles,2024,"Coles Catalogue August 9 - 15, 2024 Best Buys - Kids & Pets",coles-catalogue-august-9-15-2024-best-buys-kids-pets,21900,Multi-State,2024-08-09,7,https://caau.syd1.cdn.digitaloceanspaces.com/wp-content/uploads/catalogue/coles/coles-catalogue-august-9-15-2024-best-buys-kids-pets,https://caau.syd1.cdn.digitaloceanspaces.com/wp-content/uploads/catalogue/coles/coles-catalogue-august-9-15-2024-best-buys-kids-pets/1.jpg
coles,2024,"Coles Catalogue July 30 - August 6, 2024 NSW METRO",coles-catalogue-july-30-august-6-2024-nsw-metro,21877,NSW,2024-08-06,49,https://caau.syd1.cdn.digitaloceanspaces.com/wp-content/uploads/catalogue/coles/coles-catalogue-july-30-august-6-2024-nsw-metro,https://caau.syd1.cdn.digitaloceanspaces.com/wp-content/uploads/catalogue/coles/coles-catalogue-july-30-august-6-2024-nsw-metro/1.jpg
coles,2024,"Coles Catalogue August 6 - 13, 2024 NSW METRO",coles-catalogue-august-6-13-2024-nsw-metro,21901,NSW,2024-08-06,49,https://caau.syd1.cdn.digitaloceanspaces.com/wp-content/uploads/catalogue/coles/coles-catalogue-august-6-13-2024-nsw-metro,https://caau.syd1.cdn.digitaloceanspaces.com/wp-content/uploads/catalogue/coles/coles-catalogue-august-6-13-2024-nsw-metro/1.jpg
coles,2024,"Coles Catalogue August 2 - 8, 2024 Best Buys - Bed & Bath",coles-catalogue-august-2-8-2024-best-buys-bed-bath,21873,Multi-State,2024-08-02,7,https://caau.syd1.cdn.digitaloceanspaces.com/wp-content/uploads/catalogue/coles/coles-catalogue-august-2-8-2024-best-buys-bed-bath,https://caau.syd1.cdn.digitaloceanspaces.com/wp-content/uploads/catalogue/coles/coles-catalogue-august-2-8-2024-best-buys-bed-bath/1.jpg
coles,2024,"Coles Catalogue July 26 - August 1, 2024 Best Buys - Crafty Creations",coles-catalogue-july-26-august-1-2024-best-buys-crafty-creations,21855,Multi-State,2024-08-01,7,https://caau.syd1.cdn.digitaloceanspaces.com/wp-content/uploads/catalogue/coles/coles-catalogue-july-26-august-1-2024-best-buys-crafty-creations,https://caau.syd1.cdn.digitaloceanspaces.com/wp-content/uploads/catalogue/coles/coles-catalogue-july-26-august-1-2024-best-buys-crafty-creations/1.jpg
coles,2024,"Coles Catalogue July 23 - 30, 2024 NSW METRO",coles-catalogue-july-23-30-2024-nsw-metro,21857,NSW,2024-07-23,53,https://caau.syd1.cdn.digitaloceanspaces.com/wp-content/uploads/catalogue/coles/coles-catalogue-july-23-30-2024-nsw-metro,https://caau.syd1.cdn.digitaloceanspaces.com/wp-content/uploads/catalogue/coles/coles-catalogue-july-23-30-2024-nsw-metro/1.jpg
coles,2024,"Coles Catalogue July 19 - 25, 2024 Best Buys - Kitchen To Table",coles-catalogue-july-19-25-2024-best-buys-kitchen-to-table,21833,Multi-State,2024-07-19,7,https://caau.syd1.cdn.digitaloceanspaces.com/wp-content/uploads/catalogue/coles/coles-catalogue-july-19-25-2024-best-buys-kitchen-to-table,https://caau.syd1.cdn.digitaloceanspaces.com/wp-content/uploads/catalogue/coles/coles-catalogue-july-19-25-2024-best-buys-kitchen-to-table/1.jpg
coles,2024,"Coles Catalogue July 16 - 23, 2024 NSW METRO",coles-catalogue-july-16-23-2024-nsw-metro,21835,NSW,2024-07-16,49,https://caau.syd1.cdn.digitaloceanspaces.com/wp-content/uploads/catalogue/coles/coles-catalogue-july-16-23-2024-nsw-metro,https://caau.syd1.cdn.digitaloceanspaces.com/wp-content/uploads/catalogue/coles/coles-catalogue-july-16-23-2024-nsw-metro/1.jpg
coles,2024,"Coles Catalogue July 12 - 18, 2024 Best Buys - Entertainment Ready",coles-catalogue-july-12-18-2024-best-buys-entertainment-ready,21810,Multi-State,2024-07-12,7,https://caau.syd1.cdn.digitaloceanspaces.com/wp-content/uploads/catalogue/coles/coles-catalogue-july-12-18-2024-best-buys-entertainment-ready,https://caau.syd1.cdn.digitaloceanspaces.com/wp-content/uploads/catalogue/coles/coles-catalogue-july-12-18-2024-best-buys-entertainment-ready/1.jpg
coles,2024,"Coles Catalogue July 9 - 16, 2024 NSW METRO",coles-catalogue-july-9-16-2024-nsw-metro,21813,NSW,2024-07-09,49,https://caau.syd1.cdn.digitaloceanspaces.com/wp-content/uploads/catalogue/coles/coles-catalogue-july-9-16-2024-nsw-metro,https://caau.syd1.cdn.digitaloceanspaces.com/wp-content/uploads/catalogue/coles/coles-catalogue-july-9-16-2024-nsw-metro/1.jpg
coles,2024,"Coles Catalogue July 5 - 11, 2024 Best Buys - Laundry Solutions",coles-catalogue-july-5-11-2024-best-buys-laundry-solutions,21777,Multi-State,2024-07-05,9,https://caau.syd1.cdn.digitaloceanspaces.com/wp-content/uploads/catalogue/coles/coles-catalogue-july-5-11-2024-best-buys-laundry-solutions,https://caau.syd1.cdn.digitaloceanspaces.com/wp-content/uploads/catalogue/coles/coles-catalogue-july-5-11-2024-best-buys-laundry-solutions/1.jpg
coles,2024,"Coles Catalogue July 2 - 9, 2024 NSW METRO",coles-catalogue-july-2-9-2024-nsw-metro,21781,NSW,2024-07-02,51,https://caau.syd1.cdn.digitaloceanspaces.com/wp-content/uploads/catalogue/coles/coles-catalogue-july-2-9-2024-nsw-metro,https://caau.syd1.cdn.digitaloceanspaces.com/wp-content/uploads/catalogue/coles/coles-catalogue-july-2-9-2024-nsw-metro/1.jpg
coles,2024,Coles Catalogue Best Buys 28 Jun - 4 Jul 2024,coles-catalogue-best-buys-28-jun-2024,21717,Multi-State,2024-06-28,8,https://caau.syd1.cdn.digitaloceanspaces.com/wp-content/uploads/catalogue/coles/coles-catalogue-best-buys-28-jun-2024,https://caau.syd1.cdn.digitaloceanspaces.com/wp-content/uploads/catalogue/coles/coles-catalogue-best-buys-28-jun-2024/1.jpg
coles,2024,Coles Catalogue 26 Jun - 2 Jul 2024,coles-catalogue-26-jun-2024,21718,Multi-State,2024-06-26,45,https://caau.syd1.cdn.digitaloceanspaces.com/wp-content/uploads/catalogue/coles/coles-catalogue-26-jun-2024,https://caau.syd1.cdn.digitaloceanspaces.com/wp-content/uploads/catalogue/coles/coles-catalogue-26-jun-2024/1.jpg
coles,2024,Coles Catalogue Best Buys 21 - 27 Jun 2024,coles-catalogue-best-buys-21-jun-2024,21693,Multi-State,2024-06-21,10,https://caau.syd1.cdn.digitaloceanspaces.com/wp-content/uploads/catalogue/coles/coles-catalogue-best-buys-21-jun-2024,https://caau.syd1.cdn.digitaloceanspaces.com/wp-content/uploads/catalogue/coles/coles-catalogue-best-buys-21-jun-2024/1.jpg
coles,2024,Coles Catalogue 19 - 25 Jun 2024,coles-catalogue-19-jun-2024,21694,Multi-State,2024-06-19,49,https://caau.syd1.cdn.digitaloceanspaces.com/wp-content/uploads/catalogue/coles/coles-catalogue-19-jun-2024,https://caau.syd1.cdn.digitaloceanspaces.com/wp-content/uploads/catalogue/coles/coles-catalogue-19-jun-2024/1.jpg
coles,2024,Coles Catalogue 12 - 18 Jun 2024,coles-catalogue-12-jun-2024,21661,Multi-State,2024-06-12,49,https://caau.syd1.cdn.digitaloceanspaces.com/wp-content/uploads/catalogue/coles/coles-catalogue-12-jun-2024,https://caau.syd1.cdn.digitaloceanspaces.com/wp-content/uploads/catalogue/coles/coles-catalogue-12-jun-2024/1.jpg
coles,2024,Coles Catalogue Best Buys 7 - 13 Jun 2024,coles-catalogue-best-buys-7-jun-2024,21633,Multi-State,2024-06-07,10,https://caau.syd1.cdn.digitaloceanspaces.com/wp-content/uploads/catalogue/coles/coles-catalogue-best-buys-7-jun-2024,https://caau.syd1.cdn.digitaloceanspaces.com/wp-content/uploads/catalogue/coles/coles-catalogue-best-buys-7-jun-2024/1.jpg
coles,2024,Coles Catalogue 5 - 11 Jun 2024,coles-catalogue-5-jun-2024,21634,Multi-State,2024-06-05,49,https://caau.syd1.cdn.digitaloceanspaces.com/wp-content/uploads/catalogue/coles/coles-catalogue-5-jun-2024,https://caau.syd1.cdn.digitaloceanspaces.com/wp-content/uploads/catalogue/coles/coles-catalogue-5-jun-2024/1.jpg
coles,2024,Coles Catalogue 29 May - 5 Jun 2024,coles-catalogue-29-may-2024,21599,Multi-State,2024-05-29,47,https://caau.syd1.cdn.digitaloceanspaces.com/wp-content/uploads/catalogue/coles/coles-catalogue-29-may-2024,https://caau.syd1.cdn.digitaloceanspaces.com/wp-content/uploads/catalogue/coles/coles-catalogue-29-may-2024/1.jpg
coles,2024,Coles Catalogue Best Buys 24 - 30 May 2024,coles-catalogue-best-buys-24-may-2024,21582,Multi-State,2024-05-24,9,https://caau.syd1.cdn.digitaloceanspaces.com/wp-content/uploads/catalogue/coles/coles-catalogue-best-buys-24-may-2024,https://caau.syd1.cdn.digitaloceanspaces.com/wp-content/uploads/catalogue/coles/coles-catalogue-best-buys-24-may-2024/1.jpg
coles,2024,Coles Catalogue 22 - 28 May 2024,coles-catalogue-22-may-2024,21583,Multi-State,2024-05-22,49,https://caau.syd1.cdn.digitaloceanspaces.com/wp-content/uploads/catalogue/coles/coles-catalogue-22-may-2024,https://caau.syd1.cdn.digitaloceanspaces.com/wp-content/uploads/catalogue/coles/coles-catalogue-22-may-2024/1.jpg
coles,2024,Coles Catalogue Best Buys 17 - 23 May 2024,coles-catalogue-best-buys-17-may-2024,21551,Multi-State,2024-05-17,9,https://caau.syd1.cdn.digitaloceanspaces.com/wp-content/uploads/catalogue/coles/coles-catalogue-best-buys-17-may-2024,https://caau.syd1.cdn.digitaloceanspaces.com/wp-content/uploads/catalogue/coles/coles-catalogue-best-buys-17-may-2024/1.jpg
coles,2024,Coles Catalogue 15 - 21 May 2024,coles-catalogue-15-may-2024,21552,Multi-State,2024-05-15,51,https://caau.syd1.cdn.digitaloceanspaces.com/wp-content/uploads/catalogue/coles/coles-catalogue-15-may-2024,https://caau.syd1.cdn.digitaloceanspaces.com/wp-content/uploads/catalogue/coles/coles-catalogue-15-may-2024/1.jpg
coles,2024,Coles Catalogue Mother's Day 8 - 14 May 2024,coles-catalogue-8-may-2024,21523,Multi-State,2024-05-08,51,https://caau.syd1.cdn.digitaloceanspaces.com/wp-content/uploads/catalogue/coles/coles-catalogue-8-may-2024,https://caau.syd1.cdn.digitaloceanspaces.com/wp-content/uploads/catalogue/coles/coles-catalogue-8-may-2024/1.jpg
coles,2024,Coles Catalogue Best Buys 3 - 9 May 2024,coles-catalogue-best-buys-3-may-2024,21490,Multi-State,2024-05-03,8,https://caau.syd1.cdn.digitaloceanspaces.com/wp-content/uploads/catalogue/coles/coles-catalogue-best-buys-3-may-2024,https://caau.syd1.cdn.digitaloceanspaces.com/wp-content/uploads/catalogue/coles/coles-catalogue-best-buys-3-may-2024/1.jpg
coles,2024,Coles Catalogue 1 - 7 May 2024,coles-catalogue-1-may-2024,21491,Multi-State,2024-05-01,51,https://caau.syd1.cdn.digitaloceanspaces.com/wp-content/uploads/catalogue/coles/coles-catalogue-1-may-2024,https://caau.syd1.cdn.digitaloceanspaces.com/wp-content/uploads/catalogue/coles/coles-catalogue-1-may-2024/1.jpg
coles,2024,Coles Catalogue Mother's Day 2024,coles-catalogue-best-buys-26-apr-2024,21458,Multi-State,2024-04-26,8,https://caau.syd1.cdn.digitaloceanspaces.com/wp-content/uploads/catalogue/coles/coles-catalogue-best-buys-26-apr-2024,https://caau.syd1.cdn.digitaloceanspaces.com/wp-content/uploads/catalogue/coles/coles-catalogue-best-buys-26-apr-2024/1.jpg
coles,2024,Coles Catalogue 24 - 30 Apr 2024,coles-catalogue-24-apr-2024,21459,Multi-State,2024-04-24,49,https://caau.syd1.cdn.digitaloceanspaces.com/wp-content/uploads/catalogue/coles/coles-catalogue-24-apr-2024,https://caau.syd1.cdn.digitaloceanspaces.com/wp-content/uploads/catalogue/coles/coles-catalogue-24-apr-2024/1.jpg
coles,2024,Coles Catalogue Best Buys 19 - 25 Apr 2024,coles-catalogue-best-buys-19-apr-2024,21430,Multi-State,2024-04-19,9,https://caau.syd1.cdn.digitaloceanspaces.com/wp-content/uploads/catalogue/coles/coles-catalogue-best-buys-19-apr-2024,https://caau.syd1.cdn.digitaloceanspaces.com/wp-content/uploads/catalogue/coles/coles-catalogue-best-buys-19-apr-2024/1.jpg
coles,2024,Coles Catalogue 17 - 23 Apr 2024,coles-catalogue-17-apr-2024,21431,Multi-State,2024-04-17,47,https://caau.syd1.cdn.digitaloceanspaces.com/wp-content/uploads/catalogue/coles/coles-catalogue-17-apr-2024,https://caau.syd1.cdn.digitaloceanspaces.com/wp-content/uploads/catalogue/coles/coles-catalogue-17-apr-2024/1.jpg
coles,2024,Coles Catalogue Best Buys 12 - 18 Apr 2024,coles-catalogue-best-buys-12-apr-2024,21401,Multi-State,2024-04-12,8,https://caau.syd1.cdn.digitaloceanspaces.com/wp-content/uploads/catalogue/coles/coles-catalogue-best-buys-12-apr-2024,https://caau.syd1.cdn.digitaloceanspaces.com/wp-content/uploads/catalogue/coles/coles-catalogue-best-buys-12-apr-2024/1.jpg
coles,2024,Coles Catalogue 10 - 16 Apr 2024,coles-catalogue-10-apr-2024,21402,Multi-State,2024-04-10,51,https://caau.syd1.cdn.digitaloceanspaces.com/wp-content/uploads/catalogue/coles/coles-catalogue-10-apr-2024,https://caau.syd1.cdn.digitaloceanspaces.com/wp-content/uploads/catalogue/coles/coles-catalogue-10-apr-2024/1.jpg
coles,2024,Coles Catalogue Best Buys 5 - 11 Apr 2024,coles-catalogue-best-buys-5-apr-2024,21364,Multi-State,2024-04-05,8,https://caau.syd1.cdn.digitaloceanspaces.com/wp-content/uploads/catalogue/coles/coles-catalogue-best-buys-5-apr-2024,https://caau.syd1.cdn.digitaloceanspaces.com/wp-content/uploads/catalogue/coles/coles-catalogue-best-buys-5-apr-2024/1.jpg
coles,2024,Coles Catalogue 3 - 9 Apr 2024,coles-catalogue-3-apr-2024,21365,Multi-State,2024-04-03,45,https://caau.syd1.cdn.digitaloceanspaces.com/wp-content/uploads/catalogue/coles/coles-catalogue-3-apr-2024,https://caau.syd1.cdn.digitaloceanspaces.com/wp-content/uploads/catalogue/coles/coles-catalogue-3-apr-2024/1.jpg
coles,2024,Coles Catalogue Easter 29 Mar - 4 Apr 2024,coles-catalogue-easter-29-mar-2024,21337,Multi-State,2024-03-29,9,https://caau.syd1.cdn.digitaloceanspaces.com/wp-content/uploads/catalogue/coles/coles-catalogue-easter-29-mar-2024,https://caau.syd1.cdn.digitaloceanspaces.com/wp-content/uploads/catalogue/coles/coles-catalogue-easter-29-mar-2024/1.jpg
coles,2024,Coles Catalogue 27 Mar - 2 Apr 2024,coles-catalogue-27-mar-2024,21338,Multi-State,2024-03-27,55,https://caau.syd1.cdn.digitaloceanspaces.com/wp-content/uploads/catalogue/coles/coles-catalogue-27-mar-2024,https://caau.syd1.cdn.digitaloceanspaces.com/wp-content/uploads/catalogue/coles/coles-catalogue-27-mar-2024/1.jpg
coles,2024,Coles Catalogue Best Buys 22 - 29 Mar 2024,coles-catalogue-best-buys-22-mar-2024,21307,Multi-State,2024-03-22,9,https://caau.syd1.cdn.digitaloceanspaces.com/wp-content/uploads/catalogue/coles/coles-catalogue-best-buys-22-mar-2024,https://caau.syd1.cdn.digitaloceanspaces.com/wp-content/uploads/catalogue/coles/coles-catalogue-best-buys-22-mar-2024/1.jpg
coles,2024,Coles Catalogue 20 - 26 Mar 2024,coles-catalogue-20-mar-2024,21308,Multi-State,2024-03-20,47,https://caau.syd1.cdn.digitaloceanspaces.com/wp-content/uploads/catalogue/coles/coles-catalogue-20-mar-2024,https://caau.syd1.cdn.digitaloceanspaces.com/wp-content/uploads/catalogue/coles/coles-catalogue-20-mar-2024/1.jpg
coles,2024,Coles Catalogue Best Buys 15 - 21 Mar 2024,coles-catalogue-best-buys-15-mar-2024,21275,Multi-State,2024-03-15,8,https://caau.syd1.cdn.digitaloceanspaces.com/wp-content/uploads/catalogue/coles/coles-catalogue-best-buys-15-mar-2024,https://caau.syd1.cdn.digitaloceanspaces.com/wp-content/uploads/catalogue/coles/coles-catalogue-best-buys-15-mar-2024/1.jpg
coles,2024,Coles Catalogue Sale NSW 13 - 19 Mar 2024,coles-catalogue-sale-nsw-13-mar-2024,21279,NSW,2024-03-13,49,https://caau.syd1.cdn.digitaloceanspaces.com/wp-content/uploads/catalogue/coles/coles-catalogue-sale-nsw-13-mar-2024,https://caau.syd1.cdn.digitaloceanspaces.com/wp-content/uploads/catalogue/coles/coles-catalogue-sale-nsw-13-mar-2024/1.jpg
coles,2024,Coles Catalogue 13 - 19 Mar 2024,coles-catalogue-13-mar-2024,21280,Multi-State,2024-03-13,49,https://caau.syd1.cdn.digitaloceanspaces.com/wp-content/uploads/catalogue/coles/coles-catalogue-13-mar-2024,https://caau.syd1.cdn.digitaloceanspaces.com/wp-content/uploads/catalogue/coles/coles-catalogue-13-mar-2024/1.jpg
coles,2024,Coles Catalogue Best Buys 8 - 14 Mar 2024,coles-catalogue-8-mar-2024,21238,Multi-State,2024-03-08,8,https://caau.syd1.cdn.digitaloceanspaces.com/wp-content/uploads/catalogue/coles/coles-catalogue-8-mar-2024,https://caau.syd1.cdn.digitaloceanspaces.com/wp-content/uploads/catalogue/coles/coles-catalogue-8-mar-2024/1.jpg
coles,2024,Coles Catalogue 6 - 12 Mar 2024,coles-catalogue-6-mar-2024,21239,Multi-State,2024-03-06,52,https://caau.syd1.cdn.digitaloceanspaces.com/wp-content/uploads/catalogue/coles/coles-catalogue-6-mar-2024,https://caau.syd1.cdn.digitaloceanspaces.com/wp-content/uploads/catalogue/coles/coles-catalogue-6-mar-2024/1.jpg
coles,2024,Coles Catalogue Best Buys 1 - 7 Mar 2024,coles-catalogue-best-buys-1-mar-2024,21208,Multi-State,2024-03-01,9,https://caau.syd1.cdn.digitaloceanspaces.com/wp-content/uploads/catalogue/coles/coles-catalogue-best-buys-1-mar-2024,https://caau.syd1.cdn.digitaloceanspaces.com/wp-content/uploads/catalogue/coles/coles-catalogue-best-buys-1-mar-2024/1.jpg
coles,2024,Coles Catalogue 28 Feb - 5 Mar 2024,coles-catalogue-28-feb-2024,21207,Multi-State,2024-02-26,46,https://caau.syd1.cdn.digitaloceanspaces.com/wp-content/uploads/catalogue/coles/coles-catalogue-28-feb-2024,https://caau.syd1.cdn.digitaloceanspaces.com/wp-content/uploads/catalogue/coles/coles-catalogue-28-feb-2024/1.jpg
coles,2024,Coles Catalogue Best Buys 23 - 29 Feb 2024,coles-catalogue-best-buy-23-feb-2024,21178,Multi-State,2024-02-23,8,https://caau.syd1.cdn.digitaloceanspaces.com/wp-content/uploads/catalogue/coles/coles-catalogue-best-buy-23-feb-2024,https://caau.syd1.cdn.digitaloceanspaces.com/wp-content/uploads/catalogue/coles/coles-catalogue-best-buy-23-feb-2024/1.jpg
coles,2024,Coles Catalogue 21 - 27 Feb 2024,coles-catalogue-21-feb-2024,21179,Multi-State,2024-02-21,50,https://caau.syd1.cdn.digitaloceanspaces.com/wp-content/uploads/catalogue/coles/coles-catalogue-21-feb-2024,https://caau.syd1.cdn.digitaloceanspaces.com/wp-content/uploads/catalogue/coles/coles-catalogue-21-feb-2024/1.jpg
coles,2024,Coles Catalogue Best Buy 16 - 22 Feb 2024,coles-catalogue-best-buy-16-feb-2024,21136,Multi-State,2024-02-16,8,https://caau.syd1.cdn.digitaloceanspaces.com/wp-content/uploads/catalogue/coles/coles-catalogue-best-buy-16-feb-2024,https://caau.syd1.cdn.digitaloceanspaces.com/wp-content/uploads/catalogue/coles/coles-catalogue-best-buy-16-feb-2024/1.jpg
coles,2024,Coles Catalogue Sale 14 - 20 Feb 2024,coles-catalogue-14-feb-2024,21137,Multi-State,2024-02-14,48,https://caau.syd1.cdn.digitaloceanspaces.com/wp-content/uploads/catalogue/coles/coles-catalogue-14-feb-2024,https://caau.syd1.cdn.digitaloceanspaces.com/wp-content/uploads/catalogue/coles/coles-catalogue-14-feb-2024/1.jpg
coles,2024,Coles Best Buys Catalogue 9 - 15 Feb 2024,coles-best-buy-catalogue-9-feb-2024,21110,Multi-State,2024-02-09,10,https://caau.syd1.cdn.digitaloceanspaces.com/wp-content/uploads/catalogue/coles/coles-best-buy-catalogue-9-feb-2024,https://caau.syd1.cdn.digitaloceanspaces.com/wp-content/uploads/catalogue/coles/coles-best-buy-catalogue-9-feb-2024/1.jpg
coles,2024,Coles Catalogue 7 - 14 Feb 2024,coles-catalogue-7-feb-2024,21111,Multi-State,2024-02-07,53,https://caau.syd1.cdn.digitaloceanspaces.com/wp-content/uploads/catalogue/coles/coles-catalogue-7-feb-2024,https://caau.syd1.cdn.digitaloceanspaces.com/wp-content/uploads/catalogue/coles/coles-catalogue-7-feb-2024/1.jpg
coles,2024,Coles Catalogue Best Buys 2 - 8 Feb 2024,coles-catalogue-best-buys-2-feb-2024,21072,Multi-State,2024-02-02,8,https://caau.syd1.cdn.digitaloceanspaces.com/wp-content/uploads/catalogue/coles/coles-catalogue-best-buys-2-feb-2024,https://caau.syd1.cdn.digitaloceanspaces.com/wp-content/uploads/catalogue/coles/coles-catalogue-best-buys-2-feb-2024/1.jpg
coles,2024,Coles Catalogue 31 Jan - 6 Feb 2024,coles-catalogue-31-jan-2024,21071,Multi-State,2024-01-31,49,https://caau.syd1.cdn.digitaloceanspaces.com/wp-content/uploads/catalogue/coles/coles-catalogue-31-jan-2024,https://caau.syd1.cdn.digitaloceanspaces.com/wp-content/uploads/catalogue/coles/coles-catalogue-31-jan-2024/1.jpg
coles,2024,Coles Catalogue Best Buys 26 Jan - 1 Feb 2024,coles-catalogue-best-buys-26-jan-2024,21047,Multi-State,2024-01-26,9,https://caau.syd1.cdn.digitaloceanspaces.com/wp-content/uploads/catalogue/coles/coles-catalogue-best-buys-26-jan-2024,https://caau.syd1.cdn.digitaloceanspaces.com/wp-content/uploads/catalogue/coles/coles-catalogue-best-buys-26-jan-2024/1.jpg
coles,2024,Coles Catalogue 24 - 30 Jan 2024,coles-catalogue-24-jan-2024,21048,Multi-State,2024-01-24,47,https://caau.syd1.cdn.digitaloceanspaces.com/wp-content/uploads/catalogue/coles/coles-catalogue-24-jan-2024,https://caau.syd1.cdn.digitaloceanspaces.com/wp-content/uploads/catalogue/coles/coles-catalogue-24-jan-2024/1.jpg
coles,2024,Coles Catalogue Best Buys 19 - 25 Jan 2024,coles-catalogue-best-buys-19-jan-2024,21016,Multi-State,2024-01-19,7,https://caau.syd1.cdn.digitaloceanspaces.com/wp-content/uploads/catalogue/coles/coles-catalogue-best-buys-19-jan-2024,https://caau.syd1.cdn.digitaloceanspaces.com/wp-content/uploads/catalogue/coles/coles-catalogue-best-buys-19-jan-2024/1.jpg
coles,2024,Coles Catalogue 17 - 23 Jan 2024,coles-catalogue-17-jan-2024,21017,Multi-State,2024-01-17,49,https://caau.syd1.cdn.digitaloceanspaces.com/wp-content/uploads/catalogue/coles/coles-catalogue-17-jan-2024,https://caau.syd1.cdn.digitaloceanspaces.com/wp-content/uploads/catalogue/coles/coles-catalogue-17-jan-2024/1.jpg
coles,2024,Coles Catalogue Best Buy Summer Jan 2024,coles-catalogue-best-buy-summer-jan-2024,20983,Multi-State,2024-01-12,8,https://caau.syd1.cdn.digitaloceanspaces.com/wp-content/uploads/catalogue/coles/coles-catalogue-best-buy-summer-jan-2024,https://caau.syd1.cdn.digitaloceanspaces.com/wp-content/uploads/catalogue/coles/coles-catalogue-best-buy-summer-jan-2024/1.jpg
coles,2024,Coles Catalogue 10 - 16 Jan 2024,coles-catalogue-10-jan-2024,20980,Multi-State,2024-01-10,51,https://caau.syd1.cdn.digitaloceanspaces.com/wp-content/uploads/catalogue/coles/coles-catalogue-10-jan-2024,https://caau.syd1.cdn.digitaloceanspaces.com/wp-content/uploads/catalogue/coles/coles-catalogue-10-jan-2024/1.jpg
coles,2024,Coles Catalogue Best Buys 5 - 11 Jan 2024,coles-catalogue-best-buys-5-jan-2024,20944,Multi-State,2024-01-05,9,https://caau.syd1.cdn.digitaloceanspaces.com/wp-content/uploads/catalogue/coles/coles-catalogue-best-buys-5-jan-2024,https://caau.syd1.cdn.digitaloceanspaces.com/wp-content/uploads/catalogue/coles/coles-catalogue-best-buys-5-jan-2024/1.jpg
coles,2024,Coles Catalogue 3 - 9 Jan 2024,coles-catalogue-3-jan-2024,20943,Multi-State,2024-01-03,51,https://caau.syd1.cdn.digitaloceanspaces.com/wp-content/uploads/catalogue/coles/coles-catalogue-3-jan-2024,https://caau.syd1.cdn.digitaloceanspaces.com/wp-content/uploads/catalogue/coles/coles-catalogue-3-jan-2024/1.jpg
